Procedure,Classification,Type,Category,Task Object,Value,Human*,TARS,TARS*,Human,Observability,Predictability,Directability,Information Requirement,Constraint Type,Time constraint (in s),Execution Type,interaction,Time to Initiate Action,Time after Ending Action,Callout
BEFORE TAKEOFF,NORM,Checklist,Switch / Lever,Takeoff clearance,CONFIRM,yellow,yellow,red,,TARS displays pilot's checklist progress; Pilotconfirms ATC clearance status.,Pilot anticipates TARS's checklist next steps.,Pilot can command TARS to recheck an item.,"ATC clearance status, checklist completion status.",Soft-time,30.0,One-off,,3,5,
BEFORE TAKEOFF,NORM,Checklist,Switch / Lever,Pitot-Static Switch,PITOT-STATIC,green,yellow,red,,TARS must display sensed pitot-static status to pilot.,,,Pitot-static switch status,Soft-time,120.0,One-off,,3,5,
BEFORE TAKEOFF,NORM,Checklist,Switch / Lever,ENGINE ANTI-ICE Switches,AS REQUIRED,yellow,yellow,red,,TARS displays sensed engine anti-ice status changes to pilot and requirement.,,,"Outside air temperature, engine anti-ice switch position.",Soft-time,30.0,Cyclic,,3,5,
BEFORE TAKEOFF,NORM,Checklist,Switch / Lever,WINDSHIELD ANTI-ICE Switches,AS REQUIRED,yellow,yellow,red,,TARS displays windshield anti-ice status and requirement,TARS alerts pilot if anti-ice status deviates from requirement.,,"Windshield anti-ice switch position, current weather conditions.",Soft-time,60.0,One-off,,3,5,
BEFORE TAKEOFF,NORM,Checklist,Switch / Lever,PAX SAFETY Switch,PAX SAFETY,green,yellow,red,,TARS display PAX SAFETY switch status to pilot.,,,"PAX SAFETY switch position, checklist status.",soft-time,30.0,one-off,,3,5,
BEFORE TAKEOFF,NORM,Checklist,Switch / Lever,LANDING Light Switch,AS DESIRED,green,green,red,,TARS must display sensed light switch status.,Pilot expects TARS to suggest if it is suggested based on time of day.,,"Current runway conditions, weather, and aircraft status.",Soft-time,30.0,One-off,,3,5,
BEFORE TAKEOFF,NORM,Checklist,Switch / Lever,ANTI-COLL Light Switch,ON,green,yellow,red,,TARS display ANTI-COLL light switch status to pilot.,Pilot expects TARS to alert if ANTI-COLL light switch is off.,,"ANTI-COLL light switch position, checklist status.",soft-time,30.0,one-off,,3,5,
BEFORE TAKEOFF,NORM,Checklist,Switch / Lever,Radar,AS REQUIRED,yellow,yellow,red,,TARS displays radar status to pilot and requirement.,,,"Radar status, weather data, obstacle proximity.",Soft-time,30.0,Cyclic,,3,5,
LINE-UP AND HOLD,NORM,SOP,Flight Control,Runway centerline,ALIGN,yellow,red,red,,,,,"Runway alignment, wind speed/direction, aircraft heading.",Soft-time,30.0,Continuous,,3,5,
LINE-UP AND HOLD,NORM,SOP,Environment Check,Winds,CHECK,green,green,yellow,yellow,TARS displays available wind data and status. Pilot can enrich by crosschecking with visual information,,Both can perform in parallel and crosscheck,"Wind speed, direction, runway alignment.",Soft-time,30.0,Cyclic,display_winds_and_ack,3,5,
LINE-UP AND HOLD,NORM,SOP,Flight Control,Brakes,HOLD,green,red,red,,,,,"Brake pressure, runway position, ATC clearance status.",Soft-time.,30.0,One-off.,,3,5,
TAKEOFF,NORM,Checklist,System Check,CAS,CHECK CLEAR,yellow,yellow,green,,Human must see TARS's CAS status updates.,Human must anticipate TARS's CAS check completion time.,,"CAS status, system alerts, checklist progress.",Soft-time,30.0,Cyclic,display_cas,3,5,
TAKEOFF,NORM,SOP,Callout,"""Set thrust""",ANNOUNCE,green,red,red,,,,,"Thrust lever position, engine RPM, N1, and takeoff checklist status.",Hard-time,10.0,One-off,,3,5,
TAKEOFF,NORM,SOP,Flight Control,THROTTLES,TO Detent,green,red,red,,,,,"Throttle position, engine parameters, runway conditions.",Hard-time,5.0,One-off,display_fadec,3,5,
TAKEOFF,NORM,SOP,System Check,FADEC bug,CHECK TO,yellow,yellow,green,,TARS displays FADEC status changes to pilot.,,TARS direct human to RTO if FADEC fails,"FADEC status, engine parameters, TARS action log.",Soft-time,30.0,Continuous,display_eng_spool_evenly,3,5,
TAKEOFF,NORM,SOP,System Check,Engine spool,CHECK EVEN,yellow,yellow,green,,Human sees TARS status on engine checks; TARS sees human's manual inputs.,,TARS direct human to RTO if engine spool is not even,"Engine RPM, temperature, pressure, and spool rate.",Soft-time,10.0,Continuous,display_n1_matches_command_bug,3,5,
TAKEOFF,NORM,SOP,Callout,"""Thrust set""",ANNOUNCE,green,green,green,,,,,"Thrust level, engine performance data, takeoff checklist status.",Hard-time,10.0,One-off,,3,5,
TAKEOFF,NORM,Checklist,System Check,Engine Instruments,CHECK NORMAL,yellow,yellow,green,,Human must see TARS' instrument check status updates.,,TARS direct human to RTO if engine spool is not even,"Engine RPM, oil pressure, temperature, fuel flow.",Soft-time,10.0,Monitoring,,3,5,
TAKEOFF,NORM,Checklist,Flight Control,Brakes,RELEASE,yellow,red,red,,,,,"Brake status, takeoff checklist completion.",Soft-time,10.0,One-off,,3,5,
TAKEOFF,NORM,SOP,Callout,"""Airspeed's alive""",ANNOUNCE,yellow,green,green,,TARS must display airspeed. Pilot must be able to hear announcement,"Pilot must anticipate TARS's ""Airspeed's alive"" announcement timing.",,"Current airspeed, runway conditions, aircraft weight.",Soft-time,10.0,One-off,,3,5,
TAKEOFF,NORM,SOP,Callout,"""70 kts""",ANNOUNCE,yellow,green,green,,"TARS must display airspeed; Human must hear TARS' ""70 kts"" announcement.","Human expects TARS to announce ""70 kts"" at correct speed.",,"Airspeed, current phase of takeoff.",Hard-time,5.0,One-off,,3,5,
TAKEOFF,NORM,SOP,Callout,"""V1""",ANNOUNCE,yellow,green,green,,"TARS must display airspeed; Human must hear TARS' ""V1"" announcement.","TARS announces ""V1"" timing based on takeoff speed and runway conditions.",,"Current airspeed, runway length, aircraft weight, wind conditions.",Hard-time,3.0,One-off,,3,5,
TAKEOFF,NORM,SOP,Callout,"""Rotate""",ANNOUNCE,yellow,green,green,,"TARS must display airspeed; Human must hear TARS' ""ROTATE"" announcement.","TARS announces ""ROTATE"" timing based on takeoff speed and runway conditions.",,"Airspeed, runway length, aircraft weight, wind conditions.",Hard-time,5.0,One-off,,3,5,
TAKEOFF,NORM,Checklist,Flight Control,Elevator Control,ROTATE,yellow,red,red,,,,,"Airspeed, Vr speed, pitch attitude, runway length remaining.",Hard-time,5.0,One-off,,3,5,
TAKEOFF,NORM,SOP,Flight Control,Pitch,MAINTAIN 10°,yellow,red,red,,,,,"Current pitch angle, target pitch, airspeed, altitude.",Soft-time,30.0,Continuous,,3,5,
TAKEOFF,NORM,SOP,Parameter Check,Slip/Skid,CHECK,yellow,yellow,red,,,Pilot expects TARS to alert if slip/skid exceeds safe limits.,,"Slip/skid indicator, airspeed, heading, bank angle.",Soft-time,10.0,Continuous,,3,5,
TAKEOFF,NORM,SOP,Parameter Check,Climb rate,CHECK POSITIVE,yellow,yellow,green,,TARS displays climb rate status.,,,"Current climb rate, target climb rate, altitude, airspeed.",Soft-time,10.0,Continuous,,3,5,
TAKEOFF,NORM,SOP,Callout,"""Positive rate, gear up""",ANNOUNCE,green,yellow,green,,TARS must display climb rate; Human must hear TARS' announcement.,,,"Gear status, altitude, rate of climb.",Hard-time,5.0,One-off,,3,5,
TAKEOFF,NORM,SOP,Switch / Lever,LANDING GEAR,UP,green,red,red,,TARS confirms pilot's gear action.,,,"Gear position, airspeed, altitude, climb rate.",Soft-time.,10.0,One-off.,,3,5,
ENG FAILURE DURING TAKEOFF,EMER,Memory Item,Flight Control,Rudder,APPLY,yellow,red,red,,,,,"Engine status, airspeed, yaw rate, rudder position.",Hard-time,5.0,Continuous,,3,5,
ENG FAILURE DURING TAKEOFF,EMER,SOP,Flight Control,Rudder,TRIM,yellow,green,yellow,yellow,TARS displays rudder trim status. TARS display its own adjustments,TARS announces intended rudder trim adjustments before execution.,Pilot can override or adjust TARS rudder trim actions via voice command.,"Engine status, current rudder trim position, airspeed, and yaw rate.",Hard-time,10.0,Continuous,,3,5,
ENG FAILURE DURING TAKEOFF,EMER,SOP,Callout,Alarm,ANNOUNCE,yellow,yellow,green,,Human must see TARS's alarm status.,,Human can confirm TARS's alarm callout via voice command.,"Engine status, alarm type, current flight phase.",Hard-time,5.0,One-off,,3,5,
ENG FAILURE DURING TAKEOFF,EMER,SOP,Callout,"""Reset Master Warning""",ANNOUNCE,green,red,red,,,,,"Engine status, ATC frequency, emergency checklist.",Hard-time,10.0,One-off,,3,5,
ENG FAILURE DURING TAKEOFF,EMER,SOP,Switch / Lever,Master Warning,RESET,green,red,red,,,,,"Engine status, Master Warning status, ATC frequency.",Hard-time,10.0,One-off,,3,5,
ENG FAILURE DURING TAKEOFF,EMER,SOP,Autopilot Mgmt,Flight Director,SET TO MODE,yellow,green,green,,TARS displays current flight director mode and status changes to pilot.,TARS communicates intended flight director mode changes before execution.,Pilot can override or confirm TARS's flight director mode changes via voice command.,"Current flight director mode, engine status, autopilot engagement.",Hard-time,10.0,One-off,,3,5,
ENG FAILURE DURING TAKEOFF,EMER,Memory Item,Flight Control,Pitch,MAINTAIN 10°,yellow,red,red,,,,,"Current pitch angle, engine status, autopilot engagement.",Hard-time,5.0,Continuous,,3,5,
ENG FAILURE DURING TAKEOFF,EMER,Memory Item,Switch / Lever,LANDING GEAR,UP,yellow,yellow,red,,TARS displays gear status and alerts pilot of any anomalies.,,,"Engine status, gear position, airspeed, altitude.",Hard-time.,10.0,One-off.,,3,5,
ENG FAILURE DURING TAKEOFF,EMER,Memory Item,Parameter Check,Airspeed,CHECK V2,yellow,yellow,green,,TARS displays current airspeed and V2 status to pilot.,,,"Current airspeed, V2 speed, engine status.",Hard-time,5.0,Continuous,,3,5,
ENG FAILURE DURING TAKEOFF,EMER,SOP,Callout,"""Speed mode FLC V2, heading mode""",ANNOUNCE,yellow,yellow,green,,TARS displays active modes and pilot actions on shared interface.,TARS announces intended mode changes and expected pilot actions.,Pilot can override TARS via voice command or interface input.,"Current speed, heading, engine status, autopilot modes.",Hard-time,10.0,One-off,,3,5,
ENG FAILURE DURING TAKEOFF,EMER,SOP,Autopilot Mgmt,Autopilot,SET SPD MODE,green,,green,,TARS must display autopilot mode changes to the pilot.,TARS should indicate upcoming autopilot adjustments.,Pilot can override TARS autopilot settings via voice command.,"Current airspeed, target speed, engine status.",Hard-time,10.0,One-off,,3,5,
ENG FAILURE DURING TAKEOFF,EMER,SOP,Autopilot Mgmt,Autopilot,SET HDG MODE,green,,green,,Human sees TARS autopilot mode changes.,Human anticipates TARS heading adjustments.,Human commands TARS via voice for heading changes.,"Current heading, target heading, engine status.",Hard-time.,10.0,One-off.,,3,5,
ENG FAILURE DURING TAKEOFF,EMER,SOP,ATC Communication,ATC,CONTACT,yellow,yellow,orange,orange,TARS must display ATC communication status to the pilot.,Pilot must anticipate TARS's next ATC message.,Pilot can override TARS's ATC communication with voice command.,"Engine status, ATC frequency, emergency checklist.",Hard-time,30.0,Continuous,,3,5,
ENG FAILURE DURING TAKEOFF,EMER,SOP,ATC Communication,ATC,LISTEN,green,green,red,,,,,"Engine status, ATC frequency, emergency procedures.",Hard-time,10.0,Continuous,,3,5,
ENG FAILURE DURING TAKEOFF,EMER,SOP,ATC Communication,ATC,READBACK,yellow,red,red,,,,,"Engine status, runway length remaining, ATC frequency.",Hard-time,10.0,One-off,,3,5,
ENG FAILURE DURING TAKEOFF,EMER,SOP,Parameter Check,Altitude,CHECK 700ft AGL,yellow,yellow,green,,TARS displays altitude status.,,,"Altitude, engine status, airspeed, runway length remaining.",Hard-time,10.0,Continuous,,3,5,
ENG FAILURE DURING TAKEOFF,EMER,SOP,Callout,"""700ft, engage autopilot""",ANNOUNCE,yellow,yellow,green,,,,Pilot can override or confirm TARS actions via verbal command.,"Autopilot status, altitude, engine status.",Hard-time,10.0,One-off,,3,5,
ENG FAILURE DURING TAKEOFF,EMER,SOP,Autopilot Mgmt,Autopilot,ENGAGE,green,green,orange,orange,TARS displays autopilot status changes to pilot.,Pilot anticipates TARS's autopilot engagement sequence.,Pilot can override TARS's autopilot actions via command.,"Engine status, autopilot mode, runway length remaining.",Hard-time,10.0,One-off,,3,5,
ENG FAILURE DURING TAKEOFF,EMER,Memory Item,Parameter Check,Altitude,CHECK 1500ft AGL,yellow,yellow,green,,TARS displays current altitude.,,,"Altitude, engine status, autopilot mode, ATC clearance.",Hard-time.,10.0,One-off.,,3,5,
ENG FAILURE DURING TAKEOFF,EMER,Memory Item,Parameter Check,Airspeed,CHECK V2+10,yellow,yellow,green,,TARS displays airspeed and V2+10 status to pilot.,,,"Current airspeed, V2+10 target, engine status.",Hard-time,5.0,Continuous,,3,5,
ENG FAILURE DURING TAKEOFF,EMER,Memory Item,Environment Check,Obstacles,CHECK Clear,yellow,red,red,,,,,"Engine status, obstacle proximity, runway length, weather conditions.",Hard-time,10.0,One-off,,3,5,
ENG FAILURE DURING TAKEOFF,EMER,SOP,Callout,"""Retract flaps""",Announce,yellow,yellow,green,,TARS must display flap status.,,Pilot can override or confirm TARS actions via verbal command.,"Flap position, airspeed, engine status, runway length remaining.",Hard-time,10.0,One-off,,3,5,
ENG FAILURE DURING TAKEOFF,EMER,Memory item,Switch / Lever,FLAP Handle,UP,green,red,red,,,,,"Flap handle position, engine status, airspeed.",Hard-time,5.0,One-off,,3,5,
ENGINE FIRE,EMER,SOP,Callout,"""Affected thrust lever, confirm and idle""",ANNOUNCE,yellow,yellow,green,,TARS displays thrust lever status.,,Pilot can override TARS actions via voice command.,"Thrust lever position, engine status, fire warning.",Hard-time,10.0,One-off,,3,5,
ENGINE FIRE,EMER,SOP,Callout,"""Idle""",ANNOUNCE,green,red,red,,,,,"Engine fire alert, engine status, ATC communication readiness.",Hard-time,10.0,One-off,,3,5,
ENGINE FIRE,EMER,Memory Item,Switch / Lever,Throttle (affected engine),IDLE,green,red,red,,TARS monitors pilot's throttle actions.,,,"Engine status, throttle position, fire warning.",Hard-time,10.0,One-off,,3,5,
ENGINE FIRE,EMER,SOP,Callout,"""TOP""",ANNOUNCE,green,,green,,TARS must display current task status and actions to the pilot.,HUMAN should know when the timer is set off.,Pilot can override or redirect TARS actions via voice commands.,"Engine status, fire detection, ATC communication status.",Hard-time,10.0,One-off,,3,5,
ENGINE FIRE,EMER,SOP,Switch / Lever,Chrono,START,green,,green,,TARS must display the chrono status,,,"Engine status, fire detection, extinguisher status, ATC communication status.",Hard-time,30.0,One-off,,3,5,
ENGINE FIRE,EMER,Memory Item,System Check,Engine FIRE LIGHT,CHECK ON AFTER 15s,yellow,yellow,green,,TARS must display the chrono status and engine fire light status,,,"Engine fire status, checklist progress, TARS action log.",Hard-time,15.0,One-off,,3,5,
ENGINE FIRE,EMER,Memory Item,Switch / Lever,Illuminated ENGINE FIRE Switch,LIFT COVER AND PUSH,green,red,red,,TARS monitors pilot's actions.,,,"Engine fire status, TARS communication readiness, ATC frequency.",Hard-time,10.0,One-off,,3,5,
ENGINE FIRE,EMER,SOP,Checklist Mgmt,Checklist,ORDER START,yellow,yellow,green,,TARS displays current checklist step and expected worklow.,TARS announces next checklist step before execution.,Pilot can override or modify TARS actions via voice command.,"Engine temperature, fire detection status, fuel shutoff valve position.",Hard-time,30.0,One-off,,3,5,
ENGINE FIRE,EMER,SOP,Checklist Mgmt,Radio,ALLOCATE,green,red,red,,,,Human must command TARS to initiate or cease ATC communications.,"Engine status, fire detection, ATC frequency, emergency procedures.",Hard-time,10.0,One-off,,3,5,
ENGINE FIRE,EMER,SOP,Checklist Mgmt,Checklist,RETRIEVE,yellow,green,green,,TARS displays checklist progress; pilot confirms checklist initiation.,TARS anticipates pilot's checklist step confirmations; pilot expects TARS to announce next steps.,Pilot can override TARS actions; TARS prompts pilot for confirmations.,"Engine status, fire indicators, checklist steps, ATC communication status.",Hard-time,30.0,Continuous,,3,5,
ENGINE FIRE,EMER,Checklist,Other,Immediate Action Item,CHECK DONE,green,red,red,,Pilot confirms,,,"Engine temperature, pressure, fire detection status, checklist steps.",Hard-time,30.0,One-off,,3,5,
ENGINE FIRE,EMER,SOP,Callout,"""Affected thrust lever, confirm and cutoff""",ANNOUNCE,yellow,yellow,green,,TARS displays thrust lever status and actions on cockpit screen.,TARS announces intended actions before execution.,Pilot can override TARS actions via voice command.,"Engine fire status, thrust lever position, engine parameters.",Hard-time,10.0,One-off,,3,5,
ENGINE FIRE,EMER,SOP,Callout,"""cutoff""",ANNOUNCE,green,red,red,,,,,"Engine fire status, ATC communication status, autopilot engagement.",Hard-time,30.0,One-off,,3,5,
ENGINE FIRE,EMER,Checklist,Switch / Lever,Throttle (affected engine),CUTOFF,green,red,red,,TARS monitors pilot's actions.,,,"Engine fire alert, throttle position, engine temperature.",Hard-time,10.0,One-off,,3,5,
ENGINE FIRE,EMER,SOP,Callout,"""Affected engine fuel boost confirm off then norm""",ANNOUNCE,yellow,yellow,green,,TARS displays engine status and action confirmation to pilot.,,Pilot can override or confirm TARS actions via voice command.,"Engine status, fuel boost switch position, fire warning status.",Hard-time,10.0,One-off,,3,5,
ENGINE FIRE,EMER,SOP,Callout,"""off then norm""",ANNOUNCE,green,red,red,,,,,"Engine fire status, annunciator panel, checklist steps.",Hard-time,10.0,One-off,,3,5,
ENGINE FIRE,EMER,Checklist,Switch / Lever,FUEL BOOST Switch (affected side),OFF,green,red,red,,TARS monitors pilot's actions.,,,"Engine fire status, fuel boost switch position.",Hard-time,10.0,One-off,,3,5,
ENGINE FIRE,EMER,Checklist,Switch / Lever,FUEL BOOST Switch (affected side),NORM,green,red,red,,TARS monitors pilot's actions.,,,"Engine fire status, fuel boost switch position, checklist progress.",Hard-time,10.0,One-off,,3,5,
ENGINE FIRE,EMER,Checklist,System Check,Engine FIRE LIGHT,CHECK ON AFTER 30s,yellow,yellow,green,,TARS must display checklist progress and status to the pilot.,,,"Engine status, FIRE LIGHT status, checklist steps.",Hard-time,30.0,Cyclic,,3,5,
ENGINE FIRE,EMER,SOP,Callout,"""30 seconds, light remains on, bottle discharge""",ANNOUNCE,yellow,yellow,green,,TARS must display task status and completion progress to the pilot.,TARS must communicate intended actions before execution.,,"Fire warning status, discharge status, time elapsed since warning.",Hard-time,30.0,One-off,,3,5,
ENGINE FIRE,EMER,SOP,Callout,"""discharge""",ANNOUNCE,green,red,red,,,,,"Engine fire status, ATC frequency, emergency procedures.",hard-time,10.0,one-off,,3,5,
ENGINE FIRE,EMER,Checklist,Switch / Lever,Illuminated BOTTLE ARMED Switch,PUSH,green,red,red,,TARS monitors pilot's actions.,,,"Engine fire status, BOTTLE ARMED switch position.",Hard-time,10.0,One-off,,3,5,
ENGINE FIRE,EMER,Checklist,Switch / Lever,Rotary Test,FIRE WARN,green,red,red,,TARS monitors pilot's actions.,,,"FIRE WARN status, engine parameters, ATC frequency.",hard-time,10.0,one-off,,3,5,
ENGINE FIRE,EMER,Checklist,System Check,Engine fire lights,Check both illuminate,green,red,red,,TARS monitors pilot's actions.,,,"Engine fire status, TARS communication status.",Hard-time,10.0,One-off,,3,5,
ENGINE FIRE,EMER,Checklist,Checklist Mgmt,Next Checklist,ENGINE FAILURE/PRECAUTIONARY SHUTDOWN,green,green,green,,TARS displays checklist progress; pilot confirms task completion.,TARS anticipates pilot's checklist initiation; ,Pilot can postpone the execution,"Engine status, fire indicators, checklist steps, ATC communication status.",Hard-time,60.0,Cyclic,,3,5,
ENGINE FIRE,EMER,,Checklist Mgmt,Checklist,ANNOUNCE COMPLETED,green,red,red,,TARS must display checklist progress to the pilot.,,,"Engine status, fire indicators, checklist steps.",Hard-time,30.0,One-off,,3,5,
DECLARE EMERGENCY,EMER,SOP,ATC Communication,ATC,ANNOUNCE EMERGENCY,yellow,green,orange,orange,TARS must display ATC communication message to the pilot.,Pilot must anticipate TARS's emergency declaration timing.,Pilot can override or confirm TARS's emergency declaration.,"Current aircraft status, ATC frequency, emergency nature.",Soft-time,30.0,One-off,,3,5,
DECLARE EMERGENCY,EMER,SOP,ATC Communication,ATC,REQUEST VECTOR,yellow,green,orange,orange,TARS must display ATC communication message to the pilot.,Pilot must anticipate TARS's next communication with ATC.,Pilot can override or confirm TARS's actions via voice command.,"Current flight path, emergency status, ATC frequency, vector instructions.",Soft-time,30.0,One-off,,3,5,
DECLARE EMERGENCY,EMER,SOP,ATC Communication,ATC,LISTEN,yellow,red,red,,,,,"ATC frequency, emergency nature, aircraft status.",Hard-time,30.0,One-off,,3,5,
DECLARE EMERGENCY,EMER,SOP,ATC Communication,ATC,READBACK,yellow,red,red,,,,,"Emergency type, location, altitude, heading, fuel status.",Soft-time,30.0,One-off,,3,5,
DECLARE EMERGENCY,EMER,SOP,Navigation,Heading,SET ACCORDINGLY,yellow,yellow,red,,TARS displays autopilot status;,,Pilot commands TARS to adjust heading;,"Current heading, desired heading, emergency status, ATC communication status.",Soft-time,30.0,One-off,,3,5,
DECLARE EMERGENCY,EMER,SOP,Navigation,FLC,SET ACCORDINGLY,yellow,yellow,red,,TARS displays autopilot status;,,Pilot commands TARS to adjust FLC;,"Current flight level, emergency type, ATC frequency, autopilot status.",Hard-time,30.0,One-off,,3,5,
AFTER TAKEOFF,NORM,SOP,Checklist Mgmt,Checklist,ORDER START,yellow,yellow,green,,TARS displays checklist progress and status updates to pilot.,Pilot anticipates TARS's checklist sequence and timing.,Pilot can postpone checklist execution.,"Aircraft configuration, engine status, flight path, checklist items.",Soft-time,30.0,Cyclic,,3,5,
AFTER TAKEOFF,NORM,SOP,Checklist Mgmt,Checklist,RETRIEVE,green,green,green,,,TARS anticipates pilot's checklist initiation; pilot expects TARS to suggest next steps.,Pilot can verbally command TARS to adjust checklist pace or skip items.,"Checklist items, aircraft configuration, flight phase status.",Soft-time,60.0,Cyclic,,3,5,
AFTER TAKEOFF,NORM,Checklist,Switch / Lever,LANDING GEAR Handle,UP,green,green,red,,TARS must display gear status.,,,"Gear status, airspeed, altitude.",Soft-time.,10.0,One-off.,,3,5,
AFTER TAKEOFF,NORM,Checklist,Parameter Check,Airspeed,CHECK V2 + 12,yellow,yellow,green,,Human sees TARS' airspeed checks and status updates.,,,"Current airspeed, V2 speed, aircraft configuration.",Soft-time,10.0,Cyclic,,3,5,
AFTER TAKEOFF,NORM,Checklist,Environment Check,Obstacles,CHECK CLEAR,yellow,yellow,red,,,,,"Obstacle proximity, aircraft altitude, climb rate.",Soft-time,30.0,Continuous,,3,5,
AFTER TAKEOFF,NORM,Checklist,Switch / Lever,FLAP Handle,UP,green,green,red,,TARS must display flap status.,Human must anticipate TARS's verbal reminders for flap retraction.,,"Flap position, airspeed, altitude, and climb rate.",Soft-time,30.0,One-off,,3,5,
AFTER TAKEOFF,NORM,Checklist,Switch / Lever,THROTTLES,CLB Detent,green,green,red,,TARS must display throttle detent status to pilot.,,,"Throttle position, climb rate, engine performance data.",Soft-time,30.0,One-off,,3,5,
AFTER TAKEOFF,NORM,Checklist,Switch / Lever,Yaw Damper,AS DESIRED,yellow,green,yellow,yellow,TARS displays yaw damper status changes to pilot.,TARS anticipates pilot's yaw damper adjustments.,Pilot commands TARS to adjust yaw damper settings.,"Yaw damper status, aircraft attitude, flight phase.",Soft-time,30.0,Cyclic,,3,5,
AFTER TAKEOFF,NORM,Checklist,Switch / Lever,Anti-Ice/Deice Systems,AS REQUIRED,yellow,green,red,,TARS displays anti-ice system status; pilot confirms visual indicators.,TARS alerts pilot of potential anti-ice activation needs.,,"Outside air temperature, wing surface status, system activation status.",Soft-time,120.0,Cyclic,,3,5,
AFTER TAKEOFF,NORM,Checklist,Switch / Lever,PAX SAFETY Switch,AS REQUIRED,yellow,green,red,,TARS must display PAX SAFETY switch status to pilot and requirement.,,,"PAX SAFETY switch position, checklist status.",soft-time,30.0,one-off,,3,5,
AFTER TAKEOFF,NORM,Checklist,Switch / Lever,LANDING Light Switch,AS REQUIRED,yellow,green,red,,TARS must display landing light status to the pilot and requirement.,Pilot must anticipate TARS's reminders for landing light status.,,"Landing light switch position, current flight phase.",Soft-time,30.0,One-off,,3,5,
AFTER TAKEOFF,NORM,Checklist,System Check,Pressurization,CHECK,green,green,green,,TARS displays pressurization status to pilot.,TARS anticipates pilot's pressurization check initiation.,,"Cabin altitude, differential pressure, system status.",Soft-time,120.0,Cyclic,,3,5,
AFTER TAKEOFF,NORM,Checklist,Switch / Lever,Altimeters (transition altitude),SET STD,green,green,green,,TARS displays altimeter setting changes; pilot confirms via cockpit display.,"TARS anticipates pilot's altimeter setting, pilot anticipates TARS altimeter setting",Pilot commands TARS to set altimeter to standard pressure.,"Current altitude, transition altitude, standard pressure setting.",Soft-time,30.0,One-off,,3,5,
AFTER TAKEOFF,NORM,Checklist,System Check,Altimeters (transition altitude),CROSSCHECK,green,green,red,,"Human must confirm crosscheck.",,,"Current altimeter setting, transition altitude.",Soft-time,30.0,Cyclic,,3,5,
AFTER TAKEOFF,NORM,Checklist,Checklist Mgmt,Checklist,ANNOUNCE COMPLETED,green,green,green,,TARS displays checklist status; pilot confirms task completion visually/audibly.,TARS anticipates pilot's checklist completion cues; pilot expects TARS to announce.,,"Checklist items, task status, aircraft configuration.",Soft-time,30.0,Cyclic,,3,5,
AFTER TAKEOFF,NORM,Checklist,Checklist Mgmt,Next Checklist,ENGINE FAILURE/PRECAUTIONARY SHUTDOWN,green,green,green,,TARS displays checklist progress.,TARS announces next checklist step before execution.,Pilot can override TARS actions via voice command.,"Engine status, autopilot mode, ATC communication status.",Soft-time,30.0,Cyclic,,3,5,
ENGINE FAILURE/PRECAUTIONARY SHUTDOWN,ABNORM,SOP,Checklist Mgmt,Checklist,ORDER START,yellow,yellow,green,,TARS displays checklist progress.,TARS announces next checklist step before execution.,Pilot can override TARS actions via voice command.,"Engine status, fuel levels, system alerts.",Soft-time,120.0,Cyclic,,3,5,
ENGINE FAILURE/PRECAUTIONARY SHUTDOWN,ABNORM,SOP,Checklist Mgmt,Checklist,RETRIEVE,green,green,green,,TARS displays checklist progress; pilot confirms checklist initiation.,TARS anticipates pilot's checklist step confirmation; pilot expects TARS task completion.,Pilot can override TARS actions; TARS suggests checklist steps.,"Engine status, system alerts, checklist steps.",Soft-time,120.0,One-off,,3,5,
ENGINE FAILURE/PRECAUTIONARY SHUTDOWN,ABNORM,Checklist,Switch / Lever,Throttle (affected engine),CUTOFF,yellow,yellow,red,,TARS displays engine status and monitor pilot's actions.,,,"Engine RPM, fuel flow, oil pressure, and temperature.",Hard-time,30.0,One-off,,3,5,
ENGINE FAILURE/PRECAUTIONARY SHUTDOWN,ABNORM,Checklist,Other,CAUTION text,READ,green,green,green,,,,Pilot can override TARS actions; TARS prompts pilot for confirmation.,"Engine status, checklist steps, ATC communication status, autopilot engagement.",Soft-time,60.0,Cyclic,,3,5,
ENGINE FAILURE/PRECAUTIONARY SHUTDOWN,ABNORM,Checklist,Switch / Lever,GEN Switch (affected side),OFF,green,green,red,,TARS displays GEN switch status and monitor pilot's actions.,,,"GEN switch status, engine parameters, checklist steps.",soft-time,30.0,one-off,,3,5,
ENGINE FAILURE/PRECAUTIONARY SHUTDOWN,ABNORM,Checklist,Switch / Lever,IGNITION switch (affected side),NORM,green,green,red,,TARS displays IGN switch status and monitor pilot's actions.,,,"Ignition switch status, engine performance data.",Soft-time,30.0,One-off,,3,5,
ENGINE FAILURE/PRECAUTIONARY SHUTDOWN,ABNORM,Checklist,Switch / Lever,Electrical Load,REDUCE as required (<= 300A),yellow,yellow,red,,TARS must display current electrical load and recommendations.,Human must anticipate TARS's suggestions for load reduction.,Human can command TARS to suggest specific load reduction actions.,"Current electrical load, available systems to shed, load reduction targets.",Soft-time,120.0,Continuous,,3,5,
ENGINE FAILURE/PRECAUTIONARY SHUTDOWN,ABNORM,Checklist,Switch / Lever,Fuel TRANSFER Knob,AS REQUIRED,yellow,yellow,red,,TARS must display fuel transfer status to pilot.,,,"Fuel levels, transfer knob position, engine status.",Soft-time,60.0,One-off,,3,5,
ENGINE FAILURE/PRECAUTIONARY SHUTDOWN,ABNORM,Checklist,System Check,Verify ENGINE FIRE Switch (affected side),Is pushed,green,green,green,,Human sees TARS status on ENGINE FIRE switch engagement.,Human anticipates TARS will verify switch engagement.,Human can override TARS actions via verbal command.,"ENGINE FIRE switch status, engine parameters.",hard-time,10.0,one-off,,3,5,
ENGINE FAILURE/PRECAUTIONARY SHUTDOWN,ABNORM,Checklist,Checklist Mgmt,Next checklist,SINGLE-ENGINE APPROACH AND LANDING,green,green,green,,TARS displays checklist progress.,TARS anticipates pilot's checklist initiation.,Pilot can command TARS to adjust checklist priorities; TARS suggests checklist priorities.,"Engine status, checklist steps, autopilot settings, ATC communications.",Soft-time,120.0,Cyclic,,3,5,
,,,,,,,,,,,,,,,,,,,,
